INSERT INTO "area" (id,name,state) VALUES(1,'A1','VA');
INSERT INTO "area" (id,name,state) VALUES(2,'A2','MD');
INSERT INTO "lifeguard" (id,name,country,appartments,area_id) VALUES(1,'Roman Diachuk','Ukraine','Courts of Mount Vernon',1);
INSERT INTO "lifeguard" (id,name,country,appartments,area_id)  VALUES(2,'Valentin Ovcharov','Ukraine','Courts of Mount Vernon',1);
INSERT INTO "lifeguard" (id,name,country,appartments,area_id)  VALUES(3,'Paul Sorokovskiy','Ukraine','Courts of Mount Vernon',2);
INSERT INTO "pool" (id, name, address,area_id, lg_count,mon_start,mon_end,tue_start,tue_end,wed_start,wed_end,thu_start,thu_end,fri_start, fri_end, sat_start,sat_end,sun_start,sun_end) VALUES(1,'River farm','Holosiivskiy ave',2,1,'10:00:00','20:00:00','10:00:00','20:00:00','10:00:00','20:00:00','10:00:00','20:00:00','10:00:00','22:00:00','10:00:00','22:00:00','10:00:00','20:00:00');
INSERT INTO "pool" (id, name, address, area_id, lg_count,mon_start,mon_end,tue_start,tue_end,wed_start,wed_end,thu_start,thu_end,fri_start, fri_end, sat_start,sat_end,sun_start,sun_end) VALUES(2,'Oaks Of Woodlawn','st Pierre,21',1,1,'12:00:00','20:00:00','12:00:00','20:00:00','12:00:00','20:00:00','12:00:00','20:00:00','12:00:00','20:00:00','12:00:00','20:00:00','12:00:00','20:00:00');
INSERT INTO "assign"  (id,pool_id,lifeguard_id,time_in,time_out,assign_date) VALUES (1,1,2,'09:30:00','20:00:00','2017-02-25');
INSERT INTO "assign"  (id,pool_id,lifeguard_id,time_in,time_out,assign_date) VALUES (2,1,3,'10:00:00','20:00:00','2017-02-26');
INSERT INTO "assign"  (id,pool_id,lifeguard_id,time_in,time_out,assign_date) VALUES (3,2,1,'12:00:00','20:00:00','2017-02-27');
INSERT INTO "assign"  (id,pool_id,lifeguard_id,time_in,time_out,assign_date) VALUES (4,1,1,'12:00:00','20:00:00','2017-02-28');
INSERT INTO "assign"  (id,pool_id,lifeguard_id,time_in,time_out,assign_date) VALUES (5,1,1,'10:00:00','14:00:00','2017-03-01');
INSERT INTO "assign"  (id,pool_id,lifeguard_id,time_in,time_out,assign_date) VALUES (6,2,1,'15:00:00','20:00:00','2017-03-01');
